<?xml version="1.0" encoding="UTF-8"?>
<beans xmlns="http://www.springframework.org/schema/beans"
       xmlns:xsi="http://www.w3.org/2001/XMLSchema-instance"
       xmlns:context="http://www.springframework.org/schema/context"
       xsi:schemaLocation="http://www.springframework.org/schema/beans http://www.springframework.org/schema/beans/spring-beans.xsd http://www.springframework.org/schema/context http://www.springframework.org/schema/context/spring-context.xsd">
    <!-- scans for annotated classes in the com.company package -->

    <context:component-scan base-package="za.co.fnb.elite_wealth.properties" />
    <!-- enables annotation based configuration -->
    <context:annotation-config />

    <beans profile="intSmoke">

        <!-- allows for ${} replacement in the spring xml configuration from the
17
            application-default.za.co.fnb.elite_wealth.properties, application-dev files on the classpath -->

        <context:property-placeholder

        location="classpath:properties/default.properties, classpath:properties/int_smoke.properties"
        ignore-unresolvable="true" />

        <!-- scans for annotated classes in the com.env.dev package -->

        <context:component-scan base-package="za.co.fnb.elite_wealth.environments.int_smoke" />
    </beans>

    <beans profile="intRegression">
        <!-- allows for ${} replacement in the spring xml configuration from the
            application-default.za.co.fnb.elite_wealth.properties, application-test files on the classpath -->
        <context:property-placeholder
        location="classpath:properties/default.properties, classpath:properties/int_regression.properties"
        ignore-unresolvable="true" />
        <!-- scans for annotated classes in the com.env.test package -->

        <context:component-scan base-package="za.co.fnb.elite_wealth.environments.int_regression" />
    </beans>
    <beans profile="qaSmoke">

        <!-- allows for ${} replacement in the spring xml configuration from the
            application-default.za.co.fnb.elite_wealth.properties, application-prod files on the classpath -->
        <context:property-placeholder
        location="classpath:properties/default.properties, classpath:properties/qa_smoke.properties"
        ignore-unresolvable="true" />
        <!-- scans for annotated classes in the com.env.prod package -->
        <context:component-scan base-package="za.co.fnb.elite_wealth.environments.qa_smoke" />
    </beans>

    <beans profile="qaRegression">

        <!-- allows for ${} replacement in the spring xml configuration from the
            application-default.za.co.fnb.elite_wealth.properties, application-prod files on the classpath -->
        <context:property-placeholder
                location="classpath:properties/default.properties, classpath:properties/qa_regression.properties"
                ignore-unresolvable="true" />
        <!-- scans for annotated classes in the com.env.prod package -->
        <context:component-scan base-package="za.co.fnb.elite_wealth.environments.qa_regression" />
    </beans>

</beans>